State/Territory,Early Voting Begins,Early Voting Begin Date,Early Voting Ends,Early Voting End Date,Locations,Hours and Days,Days Early Voting Takes Place,Statute(s),Resolution Notes,Updated Start Date,Updated End Date
Alaska,Fifteen days before election,10/19/2026,Day of election,11/3/2026,Elections supervisors' offices. Other locations as designated by election director.,"Normal business hours on weekdays, 10 a.m.-4 p.m. on the Saturday before an election, noon-4 p.m. on the Sunday before an election","10/19/2026-11/3/2026, weekdays plus 10/31/2026 (Sat) and 11/1/2026 (Sun); excludes 10/24-10/25 (weekend not authorized)","Alaska Stat. §§ 15.20.045, 15.20.064","Early voting end set to Nov. 2, from Nov. 3 (NCSL's ""day of election""). U.S. Vote Foundation is not a source for this date: its Alaska page does not say early voting ends Nov. 2.",10/19/2026,11/2/2026
Arizona,Twenty-seven days before election,10/7/2026,7 p.m. Friday before election,10/30/2026,Recorder's office. Any other locations in the county the recorder deems necessary.,Not specified,"10/7/2026-10/30/2026, weekdays only (hours not specified in statute); excludes 10/12/2026 (Columbus Day)","Ariz. Rev. Stat. §§ 16-541, 16-542",,10/7/2026,10/30/2026
Arkansas,Fifteen days before election,10/19/2026,5 p.m. Monday before election,11/2/2026,Offices of county clerk. Other locations as determined by county board of election commissioners.,"8 a.m.-6 p.m. on weekdays, 10 a.m.-4 p.m. on the Saturday before the election, until 5 p.m. the Monday before the election","10/19/2026-11/2/2026, weekdays plus 10/31/2026 (Sat before election only); excludes 10/24-10/25 and 11/1 (Sun, never authorized)",Ark. Code Ann. §7-5-418,,10/19/2026,11/2/2026
California,Twenty-nine days before election (Note: CA conducts elections primarily by mail.),10/5/2026,Day of election,11/3/2026,County election officials' offices. Satellite locations as determined by county election officials.,Varies from county to county,"10/5/2026-11/3/2026, weekdays only (no statewide weekend guarantee; varies by county); excludes 10/12/2026 (Columbus Day)","Cal. Elec. Code §§ 3000.5, 3001, 3018","Early voting end changed to U.S. Vote Foundation's Nov. 2 (its Early Voting period), from Nov. 3 (NCSL).",10/5/2026,11/2/2026
Colorado,Voter service and polling centers must open 15 days before an election (Note: CO conducts elections primarily by mail.),10/19/2026,Day of election,11/3/2026,Determined by county election officials.,Every day but Sunday during the early voting period. Normal business hours (may be expanded by county board).,"10/19/2026-11/3/2026, every day except Sundays; excludes 10/25 and 11/1 (Sun)","Colo. Rev. Stat. §§ 1-5-102, 1-5-102.9","Early voting end changed to U.S. Vote Foundation's Nov. 2, from Nov. 3 (NCSL's ""day of election"").",10/19/2026,11/2/2026
Connecticut,Fifteen days before election,10/19/2026,Two days before election,11/1/2026,Registrar of voters shall designate locations,10 a.m.-6 p.m. every day during the early voting period (including weekends and weekdays); 8 a.m.-8 p.m. on the Tuesday and Thursday before the election.,"10/19/2026-11/1/2026, all days included (statute explicitly covers weekends)","Conn. Gen. Stat. §§ 9-163aa, 9-174",,10/19/2026,11/1/2026
Delaware,Ten days before an election,10/24/2026,Sunday before election,11/1/2026,Determined by State Election Commissioner at least 30 days before an election,"Locations open 8 hours/day, opening 7 a.m. for at least 5 days, open until 7 p.m.; must be open through the Saturday and Sunday immediately before the election.","10/24/2026-11/1/2026, all days included (statute specifies the entire final weekend, 10/31 & 11/1, is open; no other weekend falls in this short range)","Del. Code Ann. tit. 15, §§ 5402, 5403, 5404","Early voting start changed to the master's (state_dates_2026.csv) Oct. 22, from Oct. 24 (NCSL's ten-days-before rule). Authoritative early voting dates: October 22, 2026 – October 24, 2026, 7 a.m. – 7 p.m.; October 25, 2026 – NO EARLY VOTING; October 26, 2026 – October 27, 2026, 7 a.m. – 7 p.m.; October 28, 2026 – November 1, 2026, 11 a.m. – 7 p.m.",10/22/2026,11/1/2026
District of Columbia,Twelve days before election (Note: D.C. conducts elections primarily by mail.),10/22/2026,Saturday before election,10/31/2026,"No fewer than eight early voting centers, at least one per election ward.",8:30 a.m.-7 p.m. Holidays excluded.,"10/22/2026-10/30/2026 weekdays, plus 10/31/2026 (Sat, the statutory end date); excludes 10/24-10/25 (weekend not otherwise authorized)",D.C. Code § 1-1001.09,"Early voting dates changed to the master's (state_dates_2026.csv) Oct. 26–Nov. 1, from Oct. 22–31 (NCSL's twelve-days-before rule). Per the DC Board of Elections early vote centers page; U.S. Vote Foundation agrees.",10/26/2026,11/1/2026
Florida,Ten days before election; may be offered 11 to 15 days before at supervisor's discretion (using 15-day maximum per your instruction),10/19/2026,Three days before election; may end two days before at supervisor's discretion (using later/longer 2-day option per your instruction),11/1/2026,Main or branch offices of elections supervisors. Other sites designated by the elections supervisor.,No less than 8 or more than 12 hours per day in the early voting period (including weekend days). Supervisors may add additional days including weekends.,"10/19/2026-11/1/2026, all days included (statute specifies hours 'including weekend days')",Fla. Stat. §101.657,"Early voting changed to the master's (state_dates_2026.csv) Oct. 24–31, from Oct. 19–Nov. 1 (NCSL's optional 15-day maximum and the later of its end options): the mandatory period on the Florida Division of Elections election dates page; counties may start earlier.",10/24/2026,10/31/2026
Georgia,Fourth Monday prior to a primary or election,10/12/2026,"Friday immediately prior to a primary, election or runoff",10/30/2026,Board of registrars' offices. Other sites as designated by boards of registrars.,9 a.m.-5 p.m. weekdays; 9 a.m.-4 p.m. on the second and third Saturdays prior to the election; officials may add 7 a.m.-7 p.m. on the second/third Sunday before the election (discretionary).,"10/13/2026-10/30/2026 weekdays (10/12 excluded, Columbus Day), plus 10/17/2026 and 10/24/2026 (2nd & 3rd mandatory Saturdays); excludes 10/18 & 10/25 (Sun, discretionary only)",Ga. Code Ann. § 21-2-385,"Early voting start changed to the master's (state_dates_2026.csv) Oct. 13, from Oct. 12 (NCSL's fourth-Monday rule; Oct. 12 is Columbus Day). Per the Georgia Secretary of State's 2026 short calendar; U.S. Vote Foundation agrees.",10/13/2026,10/30/2026
Hawaii,Ten business days prior to Election Day (Note: HI conducts elections primarily by mail.),10/20/2026,7 p.m. on Election Day,11/3/2026,Voter Service Centers,Monday-Saturday 8 a.m. to 4:30 p.m.,"10/20/2026-11/3/2026, Mon-Sat; excludes 11/1/2026 (Sun)","Haw. Rev. Stat. §§ 11-109, 11-131",,10/20/2026,11/3/2026
Idaho,On or after the fourth Monday before election (in-person absentee),10/12/2026,"5 p.m., Friday before election",10/30/2026,Determined by county clerk,Not specified,"10/13/2026-10/30/2026, weekdays only (10/12 excluded, Columbus Day; actual start may be later - statute says 'on or after' and county-dependent); excludes weekends 10/17-10/18, 10/24-10/25","Idaho Code §§ 34-1002, 34-1006, 32-1012","Early voting start changed to the master's (state_dates_2026.csv) Oct. 13, from Oct. 12 (NCSL's fourth-Monday rule; Oct. 12 is Columbus Day). Per the Idaho Secretary of State's VoteIdaho.gov election calendar (""Early Voting May Begin"" Oct. 13, in counties that conduct early voting).",10/13/2026,10/30/2026
Illinois,40th day before election for temporary polling locations (per your instruction; permanent locations begin the 15th day before),9/24/2026,End of the day before election day,11/2/2026,"Election authority may establish permanent and temporary polling places, including municipal/township/road-district clerk offices, county/local public agency offices, and public universities.","Permanent locations: weekdays 8:30-4:30/9-5 starting 15 days before; from 8 days before, weekdays extended + Sat 9-noon + Sun 10-4. Temporary locations: days/hours discretionary, starting 40 days before.","9/24/2026-11/2/2026, weekdays only, plus 10/31/2026 (Sat) and 11/1/2026 (Sun) in the final extended period; excludes 10/12/2026 (Columbus Day) and other weekends (10/24-10/25 fall in weekdays-only period)","10 Ill. Comp. Stat. 5/19A-15, 5/19A-20",,9/24/2026,11/2/2026
Indiana,Twenty-eight days before election (in-person absentee),10/6/2026,"Noon, day before election",11/2/2026,Office of circuit court clerk. County election board may authorize satellite offices.,Circuit court clerk's office must permit voting at least 7 hours on each of the two Saturdays preceding election day.,"10/6/2026-11/2/2026, weekdays plus the two mandatory Saturdays 10/24/2026 and 10/31/2026; excludes 10/12/2026 (Columbus Day) and Sundays 10/25, 11/1","Ind. Code §§ 3-11-4-1, 3-11-10-26",,10/6/2026,11/2/2026
Iowa,Twenty days before election (in-person absentee),10/14/2026,"5 p.m., day before election",11/2/2026,Commissioners' offices. Satellite locations may be established by commissioner (or by petition of 100+ electors).,Satellite stations (where established) open at least one day for a minimum of six hours; main office hours not otherwise specified (assumed normal weekday office hours).,"10/14/2026-11/2/2026, weekdays only","Iowa Code §§ 53.10, 53.11(b)",,10/14/2026,11/2/2026
Kansas,Twenty days before election (per your instruction; some counties instead use Tuesday before election),10/14/2026,"Noon, day before election",11/2/2026,Offices of county election officers. County election officers may designate satellite locations.,Not specified,"10/14/2026-11/2/2026, weekdays only (hours not specified in statute)","Kan. Stat. Ann. §§ 25-1119, 25-1122a, 25-1123",,10/14/2026,11/2/2026
Kentucky,Thursday before election.,10/29/2026,Saturday before election.,10/31/2026,Offices of county clerks or any other locations designated by the county board of elections.,"At least 8 hours between 6 a.m. and 8 p.m. on the Thursday, Friday and Saturday immediately preceding the election.","10/29/2026, 10/30/2026, 10/31/2026 (Thu-Fri-Sat only)",Ky. Rev. Stat. § 117.076,,10/29/2026,10/31/2026
Louisiana,Fourteen days before election,10/20/2026,Seven days before election,10/27/2026,Registrars' offices. Alternate/branch office locations permitted.,"8:30 a.m.-6 p.m., Monday through Saturday. Holidays excluded.","10/20/2026-10/27/2026, Mon-Sat (includes 10/24 Sat); excludes 10/25 (Sun)","La. Rev. Stat. §§ 18:1303, 18:1309",,10/20/2026,10/27/2026
Maine,Thirty days before the election (in-person absentee).,10/4/2026,"Three business days before election, unless the voter has an acceptable excuse.",10/29/2026,Municipal clerks' offices,During regular business hours on days when clerks' offices are open.,"10/4/2026-10/29/2026, weekdays only; excludes 10/12/2026 (Columbus Day). (Voters with an acceptable excuse may vote later, up to Election Day - not reflected in this range.)","Me. Rev. Stat. Ann. tit. 21-A, §§ 753-B, 754-A","Early voting (in-person absentee) start changed to the master's (state_dates_2026.csv) Oct. 5, from Oct. 4 (NCSL's thirty-days-before rule lands on a Sunday). Per U.S. Vote Foundation.",10/5/2026,10/29/2026
Maryland,On the second Thursday before an election,10/22/2026,Thursday before an election,10/29/2026,Established by State Board of Elections in collaboration with local boards (1-5 centers per county depending on population).,7 a.m.-8 p.m. each early voting day (including weekdays and weekends),"10/22/2026-10/29/2026, all days included (statute explicitly covers weekends)",Md. Election Law Code § 10-301.1,,10/22/2026,10/29/2026
Massachusetts,Seventeen days before election for state biennial (general) elections,10/17/2026,Two business days before an election,10/30/2026,"Early voting sites, including the local election office. Additional locations at discretion of city/town registrar.","Regular business hours, varying by jurisdiction size. Weekend hours also required, but amount varies by jurisdiction size.","10/17/2026-10/30/2026, weekdays only guaranteed statewide; additional weekend hours are required but the specific days vary by jurisdiction and are not specified in statute","Mass. Gen. Laws Ann. ch. 54, §25B",,10/17/2026,10/30/2026
Michigan,Second Saturday before an election,10/24/2026,Sunday before an election,11/1/2026,Early voting sites may serve more than six precincts and more than one municipality.,"Must be open at least 9 consecutive days beginning the second Saturday before the election, during regular business hours, plus at least 8 hours on the Saturday and Sunday immediately prior to the election.","10/24/2026-11/1/2026, all days included (9 consecutive days, no gaps)","Mich. Const. Art. 2, § 4",,10/24/2026,11/1/2026
Minnesota,Eighteen days before the election (early in-person voting; in-person absentee separately begins 46 days before),10/16/2026,5 p.m. the day before election,11/2/2026,Elections offices or other location designated by county auditor.,"Monday-Friday regular business hours; must also be open until 7 p.m. the Tuesday before the election, 9 a.m.-3 p.m. on the two Saturdays before the election and the Sunday immediately before, and until 5 p.m. the day before.","10/16/2026-11/2/2026, weekdays plus 10/24/2026 and 10/31/2026 (Sat) and 11/1/2026 (Sun); excludes 10/25 (Sun, not authorized)","Minn. Stat. §§ 203B.081, 203B.085",,10/16/2026,11/2/2026
Missouri,The second Tuesday before an election (in-person absentee).,10/20/2026,Not specified.,,Locations designated by the election authority.,Not specified.,Not specified in statute (no end date given),Mo. Rev. Stat. §115.277,"Early voting end set to U.S. Vote Foundation's Nov. 2 (no-excuse in-person absentee voting, Oct. 20–Nov. 2); NCSL gives no end date.",10/20/2026,11/2/2026
Montana,Thirty days before election (in-person absentee).,10/4/2026,Day before election,11/2/2026,Elections offices,Not specified,"10/4/2026-11/2/2026, weekdays only (hours not specified in statute); excludes 10/12/2026 (Columbus Day)","Mont. Code Ann. §§ 13-13-205, 13-13-222","Early voting (in-person absentee) start changed to the master's (state_dates_2026.csv) Oct. 5, from Oct. 4 (NCSL's thirty-days-before rule lands on a Sunday). Per U.S. Vote Foundation.",10/5/2026,11/2/2026
Nebraska,Thirty days before each election.,10/4/2026,The day before the election.,11/2/2026,County clerk or election commissioners' offices,Not specified,"10/4/2026-11/2/2026, weekdays only (hours not specified in statute); excludes 10/12/2026 (Columbus Day)","Neb. Rev. Stat. §§ 32-808, 32-938, 32-942","Early voting start changed to the master's (state_dates_2026.csv) Oct. 5, from Oct. 4 (NCSL's thirty-days-before rule lands on a Sunday). Per the Nebraska Secretary of State's Elections Division page (""10/5/2026 First day for early voting in person"").",10/5/2026,11/2/2026
Nevada,Third Saturday preceding election (Note: NV conducts elections primarily by mail.),10/17/2026,Friday before election,10/30/2026,Permanent and branch polling places for early voting as designated by county clerk. Special provisions for Native American reservations.,Monday-Friday at least 8 hours/day; any Saturday within the early voting period for at least 4 hours; clerk may add Sunday hours (discretionary).,"10/17/2026-10/30/2026, weekdays plus all Saturdays (10/17, 10/24); excludes Sundays 10/18, 10/25 (discretionary only)","Nev. Rev. Stat. §§ 293.356, 293.3564, 293.3568",,10/17/2026,10/30/2026
New Jersey,Ten days before the election,10/24/2026,Second calendar day before election,11/1/2026,Each county board of elections designates 3-10 public locations depending on county size.,Monday through Saturday 10 a.m.-8 p.m.; Sunday 10 a.m.-6 p.m.,"10/24/2026-11/1/2026, all days included (statute explicitly covers Sat and Sun)",N.J. Rev. Stat. §19:15A-1,,10/24/2026,11/1/2026
New Mexico,Twenty-eight days before an election at a clerk's office (alternate locations begin the third Saturday before election),10/6/2026,Saturday before election,10/31/2026,"Clerks' offices, plus additional alternate locations scaled to county voter population.","At clerk's office: regular business hours plus the Saturday immediately preceding the election. Alternate locations: clerk-set hours 7 a.m.-9 p.m., min. 8 consecutive hours/day, may be closed Sun/Mon.","10/6/2026-10/30/2026 weekdays (excludes 10/12, Columbus Day), plus 10/31/2026 (Sat, the statutory end date); excludes other weekends 10/10-10/11, 10/17-10/18, 10/24-10/25 at the clerk's office",N.M. Stat. Ann. § 1-6-5.7,,10/6/2026,10/31/2026
New York,Tenth day before election,10/24/2026,Second day before an election,11/1/2026,"At least one early voting location per 50,000 registered voters per county (min. one per county), up to 7 required.","At least 8 hours 7 a.m.-8 p.m. each weekday (at least one site open until 8 p.m. on 2 weekdays/week); at least 8 hours 9 a.m.-8 p.m. each Saturday, Sunday, and legal holiday.","10/24/2026-11/1/2026, all days included (statute explicitly covers weekends and legal holidays)",N.Y. Elec. Law § 8-600,,10/24/2026,11/1/2026
North Carolina,Third Thursday before election,10/15/2026,3 p.m. on the last Saturday before election,10/31/2026,Office of county board of elections; additional locations possible with state board approval.,Monday-Friday regular business hours; must also conduct voting 8 a.m.-3 p.m. on the last Saturday before the election. County board may add other weekend days (discretionary).,"10/15/2026-10/30/2026 weekdays, plus 10/31/2026 (Sat, the statutory end date); excludes other weekends 10/17-10/18, 10/24-10/25 (discretionary only)","N.C. Gen. Stat. §§ 163-166.35, 163-166.40",,10/15/2026,10/31/2026
North Dakota,Fifteen days before election,10/19/2026,Day before election,11/2/2026,At the discretion of county auditor,The county auditor chooses and publishes the hours.,"10/19/2026-11/2/2026, weekdays only (specific hours/days set locally by auditor; assuming no weekends per default)",N.D. Cent. Code §16.1-07-15,,10/19/2026,11/2/2026
Ohio,Twenty-nine days before election (the day after voter registration closes).,10/5/2026,5 p.m. on the Sunday before the election.,11/1/2026,Main office of board of elections. Branch office only under certain conditions.,8 a.m.-5 p.m. Mon-Fri (extended evenings final week); 8 a.m.-4 p.m. Saturday; 1-5 p.m. the Sunday before Election Day.,"10/5/2026-11/1/2026, weekdays plus all Saturdays (10/10, 10/17, 10/24, 10/31) and 11/1/2026 (Sun); excludes 10/12/2026 (Columbus Day) and other Sundays 10/11, 10/18, 10/25","Ohio Rev. Code §§ 3501.10(C), 3509.01, 3509.051","Early voting start changed to the master's (state_dates_2026.csv) Oct. 6, from Oct. 5 (NCSL's twenty-nine-days-before rule). Per the Ohio Secretary of State's 2026 election calendar; U.S. Vote Foundation agrees.",10/6/2026,11/1/2026
Oklahoma,Wednesday preceding an election (in-person absentee).,10/28/2026,2 p.m. on the Saturday before election,10/31/2026,Location designated by the county election board (more than one for larger counties).,"8 a.m.-6 p.m. on Wednesday, Thursday and Friday; 8 a.m.-2 p.m. on Saturday.","10/28/2026, 10/29/2026, 10/30/2026, 10/31/2026 (Wed-Thu-Fri-Sat only)","Okla. Stat. tit. 26, § 14-115.4",,10/28/2026,10/31/2026
Oregon,"Drop sites may open as soon as ballots are available (18 days before), though not required until the Friday before an election (Note: OR conducts elections primarily by mail.)",10/16/2026,Day of election,11/3/2026,"Election offices, other staffed locations (libraries, city halls, etc.), or outdoor drop boxes.",Normal business hours.,"10/16/2026-11/3/2026, weekdays only (per 'normal business hours'; outdoor drop boxes may have broader access not reflected in statute text)",Or. Rev. Stat. §254.470,"Early voting start changed to the master's (state_dates_2026.csv) Oct. 14, from Oct. 16 (NCSL's 18-days-before rule). Per the Oregon Secretary of State's current election page (counties begin mailing ballots Oct. 14); U.S. Vote Foundation agrees.",10/14/2026,11/3/2026
Pennsylvania,"Counties begin preparing in-person absentee ballots after candidate list certification, no earlier than 50 days before election; exact date varies by county (using 50-day maximum per your instruction)",9/14/2026,5 p.m. first Tuesday prior to day of election,10/27/2026,Local board of elections,During regular business hours,"9/14/2026-10/27/2026, weekdays only; excludes 10/12/2026 (Columbus Day). NOTE: 9/14 begin date is an estimate/upper bound - actual start varies by county and may be later.",25 Pa. Stat. § 3146.2a,,9/14/2026,10/27/2026
Rhode Island,Twenty days before election.,10/14/2026,Day before election,11/2/2026,At local boards of canvassers,During regular business hours,"10/14/2026-11/2/2026, weekdays only","R.I. Gen. Laws §§ 17-20-2.2, 17-20-14.2",,10/14/2026,11/2/2026
South Carolina,Two weeks before Election Day,10/20/2026,Day before election,11/2/2026,At early voting centers,8:30 a.m.-6 p.m. Monday through Saturday (statewide general election); not open Sundays or legal holidays.,"10/20/2026-11/2/2026, Mon-Sat (includes 10/24, 10/31); excludes Sundays 10/25, 11/1 and any legal holidays",S.C. Code Ann. § 7-13-25,"Early voting changed to U.S. Vote Foundation's Oct. 19–31, from Oct. 20–Nov. 2 (NCSL's two-weeks-before rule). The South Carolina Election Commission's early voting page agrees (closed Sunday, Oct. 25).",10/19/2026,10/31/2026
South Dakota,Forty-six days before election (in-person absentee).,9/18/2026,5 p.m. the day before the election,11/2/2026,Office of the person in charge of elections,Regular office hours,"9/18/2026-11/2/2026, weekdays only; excludes 10/12/2026 (Columbus Day)","S.D. Codified Laws §§ 12-19-1.2, 12-19-2.1",,9/18/2026,11/2/2026
Tennessee,Twenty days before election,10/14/2026,Five days before election (seven days for a presidential preference primary),10/29/2026,County election commission office or other designated location(s).,"Offices open minimum 3 consecutive hours on weekdays and Saturdays, 8 a.m.-6 p.m., during the early voting period; extended evening hours on at least 3 days; at least one Saturday 8 a.m.-4 p.m. in larger counties.","10/14/2026-10/29/2026, weekdays plus all Saturdays (10/17, 10/24); no Sunday voting","Tenn. Code Ann. §§ 2-6-102(a)(1), 2-6-103",,10/14/2026,10/29/2026
Texas,"Seventeen days before election (current law; pending 2025 TX SB 2753 would shorten this to 12 days, not yet in effect)",10/17/2026,Fourth day before the election.,10/30/2026,"A room in the offices of the county clerk, or elsewhere as determined by the clerk (one main early voting center per county).",During business hours on weekdays in the early voting period (fewer hours for very small counties; more hours for very large counties in the final week). No weekend requirement under current law.,"10/17/2026-10/30/2026, weekdays only under current law","Tex. Elec. Code §§ 85.001, 85.002",,10/17/2026,10/30/2026
Utah,Fourteen days before election (Note: UT conducts elections primarily by mail.),10/20/2026,"Friday before election, though an election official may extend to the day before the election (using extended date per your instruction)",11/2/2026,Government offices as determined by election officer,"Each weekday during the early voting period; election officer may elect to conduct voting on a Saturday, Sunday or holiday (discretionary).","10/20/2026-11/2/2026, weekdays only (weekend/holiday voting is discretionary, not guaranteed); excludes weekends 10/24-10/25, 10/31-11/1",Utah Code § 20A-3a-601,"Early voting end changed to the master's (state_dates_2026.csv) Oct. 30, the Friday before the election (U.S. Vote Foundation), from Nov. 2 (NCSL's optional extension, which election officials may or may not use).",10/20/2026,10/30/2026
Vermont,Forty-five days before election (Note: VT conducts general elections primarily by mail.),9/19/2026,5 p.m. day before election,11/2/2026,Offices of town clerks; clerks may also offer 'mobile polling stations.',Business hours at the town clerk's office.,"9/19/2026-11/2/2026, weekdays only; excludes 10/12/2026 (Columbus Day)","Vt. Stat. Ann. tit. 17, §§ 2531, 2532a, 2537, 2546b","Early voting end changed to U.S. Vote Foundation's Nov. 3, from Nov. 2 (NCSL's ""5 p.m. day before election"").",9/19/2026,11/3/2026
Virginia,Forty-five days before election,9/19/2026,5 p.m. Saturday before election,10/31/2026,Office of the general registrar; additional locations in public buildings at local discretion.,Regular business hours; minimum 8 hrs 8 a.m.-5 p.m. on the two Saturdays before the election; minimum 5 hrs 11 a.m.-5 p.m. on the second and third Sundays before the election (more Sundays optional).,"9/21/2026-10/30/2026 weekdays (office not open 9/19 Sat begin date or 10/12 Columbus Day), plus mandatory 10/18 & 10/25 (Sun) and 10/24 & 10/31 (Sat); excludes non-mandatory weekends",Va. Code Ann. § 24.2-701.1,"Early voting start changed to U.S. Vote Foundation's Sep. 18, from Sep. 19 (NCSL's forty-five-days-before rule lands on a Saturday). The Virginia Department of Elections upcoming elections page agrees.",9/18/2026,10/31/2026
Washington,Eighteen days before an election (Note: WA conducts elections primarily by mail.),10/16/2026,8 p.m. on day of election.,11/3/2026,Election offices or other locations designated by the county auditor.,Normal business hours.,"10/16/2026-11/3/2026, weekdays only",Wash. Rev. Code § 29A.40.160,,10/16/2026,11/3/2026
West Virginia,Thirteen days before election,10/21/2026,Three days before election,10/31/2026,Courthouse or annex; county commission may designate additional areas.,Regular business hours plus 9 a.m.-5 p.m. on Saturdays during the early voting period.,"10/21/2026-10/30/2026 weekdays, plus 10/24/2026 and 10/31/2026 (Sat); excludes 10/25 (Sun)",W. Va. Code § 3-3-3,,10/21/2026,10/31/2026
Wisconsin,Fourteen days preceding the election (in-person absentee).,10/20/2026,Sunday preceding the election,11/1/2026,Clerks' offices; a municipal governing body may designate an alternate site.,A municipality shall specify the hours.,"10/20/2026-10/30/2026 weekdays, plus 11/1/2026 (Sun, the statutory end date); excludes 10/24-10/25 and 10/31 (weekend not otherwise specified)","Wis. Stat. §§ 6.86(1)(b), 6.855",,10/20/2026,11/1/2026
Wyoming,Twenty-eight days before election (in-person absentee).,10/6/2026,Day before election,11/2/2026,"County clerks' offices; courthouse or other public building, plus possible satellite location.",Must be open regular hours on normal business days. Satellite absentee polling places open on dates/times specified by county clerk (discretionary).,"10/6/2026-11/2/2026, weekdays only at county clerk's office; excludes 10/12/2026 (Columbus Day)","Wyo. Stat. §§ 22-9-105, 22-9-107, 22-9-125",,10/6/2026,11/2/2026
,,,,,,,,,,,
Source:,https://www.ncsl.org/elections-and-campaigns/early-in-person-voting,,,,,,,,,,
