Date,States/Territories with Early Voting Available,without DC
9/4/26,0,0
9/5/26,0,0
9/6/26,0,0
9/7/26,0,0
9/8/26,0,0
9/9/26,0,0
9/10/26,0,0
9/11/26,0,0
9/12/26,0,0
9/13/26,0,0
9/14/26,1,1
9/15/26,1,1
9/16/26,1,1
9/17/26,1,1
9/18/26,3,3
9/19/26,0,0
9/20/26,0,0
9/21/26,4,4
9/22/26,4,4
9/23/26,4,4
9/24/26,5,5
9/25/26,5,5
9/26/26,0,0
9/27/26,0,0
9/28/26,5,5
9/29/26,5,5
9/30/26,5,5
10/1/26,5,5
10/2/26,5,5
10/3/26,0,0
10/4/26,0,0
10/5/26,9,9
10/6/26,13,13
10/7/26,14,14
10/8/26,14,14
10/9/26,14,14
10/10/26,1,1
10/11/26,0,0
10/12/26,0,0
10/13/26,16,16
10/14/26,21,21
10/15/26,22,22
10/16/26,24,24
10/17/26,4,4
10/18/26,1,1
10/19/26,33,33
10/20/26,38,38
10/21/26,39,39
10/22/26,41,41
10/23/26,41,41
10/24/26,19,19
10/25/26,7,7
10/26/26,46,45
10/27/26,46,45
10/28/26,45,44
10/29/26,46,45
10/30/26,43,42
10/31/26,21,20
11/1/26,11,11
11/2/26,20,20
11/3/26,4,4