State,Previous Begin,Previous End,Updated Begin,Updated End,Dates Changed?,Hours and Days,Resolution Notes,Day-List Rule Applied,Calendar Days in Range,Actual Open Days,Gap Days (Closed)
Alaska,10/19/2026,11/3/2026,10/19/2026,11/2/2026,Yes,"Normal business hours on weekdays, 10 a.m.-4 p.m. on the Saturday before an election, noon-4 p.m. on the Sunday before an election","Early voting end set to Nov. 2, from Nov. 3 (NCSL's ""day of election""). U.S. Vote Foundation is not a source for this date: its Alaska page does not say early voting ends Nov. 2.",Weekdays + Sat 10/31 + Sun 11/1 (per statute),15,13,2
Arizona,10/7/2026,10/30/2026,10/7/2026,10/30/2026,No,Not specified,,,24,17,7
Arkansas,10/19/2026,11/2/2026,10/19/2026,11/2/2026,No,"8 a.m.-6 p.m. on weekdays, 10 a.m.-4 p.m. on the Saturday before the election, until 5 p.m. the Monday before the election",,Weekdays only; excludes Columbus Day,15,12,3
California,10/5/2026,11/3/2026,10/5/2026,11/2/2026,Yes,Varies from county to county,"Early voting end changed to U.S. Vote Foundation's Nov. 2 (its Early Voting period), from Nov. 3 (NCSL).",Weekdays only (varies by county); excludes Columbus Day,29,20,9
Colorado,10/19/2026,11/3/2026,10/19/2026,11/2/2026,Yes,Every day but Sunday during the early voting period. Normal business hours (may be expanded by county board).,"Early voting end changed to U.S. Vote Foundation's Nov. 2, from Nov. 3 (NCSL's ""day of election"").",Every day except Sunday (statute),15,13,2
Connecticut,10/19/2026,11/1/2026,10/19/2026,11/1/2026,No,10 a.m.-6 p.m. every day during the early voting period (including weekends and weekdays); 8 a.m.-8 p.m. on the Tuesday and Thursday before the election.,,All days (statute covers weekends),14,14,0
Delaware,10/24/2026,11/1/2026,10/22/2026,11/1/2026,Yes,"Locations open 8 hours/day, opening 7 a.m. for at least 5 days, open until 7 p.m.; must be open through the Saturday and Sunday immediately before the election.","Early voting start changed to the master's (state_dates_2026.csv) Oct. 22, from Oct. 24 (NCSL's ten-days-before rule). Authoritative early voting dates: October 22, 2026 – October 24, 2026, 7 a.m. – 7 p.m.; October 25, 2026 – NO EARLY VOTING; October 26, 2026 – October 27, 2026, 7 a.m. – 7 p.m.; October 28, 2026 – November 1, 2026, 11 a.m. – 7 p.m.",EXPLICIT per Resolution Notes: all days 10/22-11/1 EXCEPT 10/25 (no early voting that day),11,10,1
District of Columbia,10/22/2026,10/31/2026,10/26/2026,11/1/2026,Yes,8:30 a.m.-7 p.m. Holidays excluded.,"Early voting dates changed to the master's (state_dates_2026.csv) Oct. 26–Nov. 1, from Oct. 22–31 (NCSL's twelve-days-before rule). Per the DC Board of Elections early vote centers page; U.S. Vote Foundation agrees.","Weekdays + the statutory end date (now a Sunday, 11/1) as boundary; JUDGMENT CALL - verify DC BOE weekend hours",7,6,1
Florida,10/19/2026,11/1/2026,10/24/2026,10/31/2026,Yes,No less than 8 or more than 12 hours per day in the early voting period (including weekend days). Supervisors may add additional days including weekends.,"Early voting changed to the master's (state_dates_2026.csv) Oct. 24–31, from Oct. 19–Nov. 1 (NCSL's optional 15-day maximum and the later of its end options): the mandatory period on the Florida Division of Elections election dates page; counties may start earlier.",All days (statute: hours include weekend days); now using FL DOE's mandatory 10/24-31 window per Resolution Notes,8,8,0
Georgia,10/12/2026,10/30/2026,10/13/2026,10/30/2026,Yes,9 a.m.-5 p.m. weekdays; 9 a.m.-4 p.m. on the second and third Saturdays prior to the election; officials may add 7 a.m.-7 p.m. on the second/third Sunday before the election (discretionary).,"Early voting start changed to the master's (state_dates_2026.csv) Oct. 13, from Oct. 12 (NCSL's fourth-Monday rule; Oct. 12 is Columbus Day). Per the Georgia Secretary of State's 2026 short calendar; U.S. Vote Foundation agrees.","Weekdays + 2nd & 3rd mandatory Saturdays (10/17, 10/24)",18,16,2
Hawaii,10/20/2026,11/3/2026,10/20/2026,11/3/2026,No,Monday-Saturday 8 a.m. to 4:30 p.m.,,Mon-Sat (statute); excludes Sunday,15,13,2
Idaho,10/12/2026,10/30/2026,10/13/2026,10/30/2026,Yes,Not specified,"Early voting start changed to the master's (state_dates_2026.csv) Oct. 13, from Oct. 12 (NCSL's fourth-Monday rule; Oct. 12 is Columbus Day). Per the Idaho Secretary of State's VoteIdaho.gov election calendar (""Early Voting May Begin"" Oct. 13, in counties that conduct early voting).",Weekdays only (hours not specified in statute),18,14,4
Illinois,9/24/2026,11/2/2026,9/24/2026,11/2/2026,No,"Permanent locations: weekdays 8:30-4:30/9-5 starting 15 days before; from 8 days before, weekdays extended + Sat 9-noon + Sun 10-4. Temporary locations: days/hours discretionary, starting 40 days before.",,"Weekdays + final weekend (10/31,11/1); excludes Columbus Day",40,29,11
Indiana,10/6/2026,11/2/2026,10/6/2026,11/2/2026,No,Circuit court clerk's office must permit voting at least 7 hours on each of the two Saturdays preceding election day.,,Weekdays + 2 mandatory Saturdays; excludes Columbus Day,28,21,7
Iowa,10/14/2026,11/2/2026,10/14/2026,11/2/2026,No,Satellite stations (where established) open at least one day for a minimum of six hours; main office hours not otherwise specified (assumed normal weekday office hours).,,Weekdays only,20,14,6
Kansas,10/14/2026,11/2/2026,10/14/2026,11/2/2026,No,Not specified,,Weekdays only (hours not specified),20,14,6
Kentucky,10/29/2026,10/31/2026,10/29/2026,10/31/2026,No,"At least 8 hours between 6 a.m. and 8 p.m. on the Thursday, Friday and Saturday immediately preceding the election.",,"Explicit 3-day list (Thu-Fri-Sat), statute-defined",3,3,0
Louisiana,10/20/2026,10/27/2026,10/20/2026,10/27/2026,No,"8:30 a.m.-6 p.m., Monday through Saturday. Holidays excluded.",,Mon-Sat (statute); excludes Sunday,8,7,1
Maine,10/4/2026,10/29/2026,10/5/2026,10/29/2026,Yes,During regular business hours on days when clerks' offices are open.,"Early voting (in-person absentee) start changed to the master's (state_dates_2026.csv) Oct. 5, from Oct. 4 (NCSL's thirty-days-before rule lands on a Sunday). Per U.S. Vote Foundation.",Weekdays only; excludes Columbus Day (new start 10/5 still spans it),25,18,7
Maryland,10/22/2026,10/29/2026,10/22/2026,10/29/2026,No,7 a.m.-8 p.m. each early voting day (including weekdays and weekends),,All days (statute covers weekends),8,8,0
Massachusetts,10/17/2026,10/30/2026,10/17/2026,10/30/2026,No,"Regular business hours, varying by jurisdiction size. Weekend hours also required, but amount varies by jurisdiction size.",,Weekdays only guaranteed; weekend hours required but vary by jurisdiction,14,10,4
Michigan,10/24/2026,11/1/2026,10/24/2026,11/1/2026,No,"Must be open at least 9 consecutive days beginning the second Saturday before the election, during regular business hours, plus at least 8 hours on the Saturday and Sunday immediately prior to the election.",,"All days (9 consecutive days, no gaps, per statute)",9,9,0
Minnesota,10/16/2026,11/2/2026,10/16/2026,11/2/2026,No,"Monday-Friday regular business hours; must also be open until 7 p.m. the Tuesday before the election, 9 a.m.-3 p.m. on the two Saturdays before the election and the Sunday immediately before, and until 5 p.m. the day before.",,Weekdays + 2 Saturdays + final Sunday,18,15,3
Missouri,10/20/2026,,10/20/2026,11/2/2026,Yes,Not specified.,"Early voting end set to U.S. Vote Foundation's Nov. 2 (no-excuse in-person absentee voting, Oct. 20–Nov. 2); NCSL gives no end date.",Weekdays only (hours not specified); NOW INCLUDED - end date previously missing,14,10,4
Montana,10/4/2026,11/2/2026,10/5/2026,11/2/2026,Yes,Not specified,"Early voting (in-person absentee) start changed to the master's (state_dates_2026.csv) Oct. 5, from Oct. 4 (NCSL's thirty-days-before rule lands on a Sunday). Per U.S. Vote Foundation.",Weekdays only; excludes Columbus Day,29,20,9
Nebraska,10/4/2026,11/2/2026,10/5/2026,11/2/2026,Yes,Not specified,"Early voting start changed to the master's (state_dates_2026.csv) Oct. 5, from Oct. 4 (NCSL's thirty-days-before rule lands on a Sunday). Per the Nebraska Secretary of State's Elections Division page (""10/5/2026 First day for early voting in person"").",Weekdays only; excludes Columbus Day,29,20,9
Nevada,10/17/2026,10/30/2026,10/17/2026,10/30/2026,No,Monday-Friday at least 8 hours/day; any Saturday within the early voting period for at least 4 hours; clerk may add Sunday hours (discretionary).,,Weekdays + all Saturdays; Sundays discretionary/excluded,14,12,2
New Jersey,10/24/2026,11/1/2026,10/24/2026,11/1/2026,No,Monday through Saturday 10 a.m.-8 p.m.; Sunday 10 a.m.-6 p.m.,,All days (statute covers Sat & Sun),9,9,0
New Mexico,10/6/2026,10/31/2026,10/6/2026,10/31/2026,No,"At clerk's office: regular business hours plus the Saturday immediately preceding the election. Alternate locations: clerk-set hours 7 a.m.-9 p.m., min. 8 consecutive hours/day, may be closed Sun/Mon.",,Weekdays + statutory end-date Saturday; excludes Columbus Day,26,19,7
New York,10/24/2026,11/1/2026,10/24/2026,11/1/2026,No,"At least 8 hours 7 a.m.-8 p.m. each weekday (at least one site open until 8 p.m. on 2 weekdays/week); at least 8 hours 9 a.m.-8 p.m. each Saturday, Sunday, and legal holiday.",,All days (statute covers weekends & legal holidays),9,9,0
North Carolina,10/15/2026,10/31/2026,10/15/2026,10/31/2026,No,Monday-Friday regular business hours; must also conduct voting 8 a.m.-3 p.m. on the last Saturday before the election. County board may add other weekend days (discretionary).,,Weekdays + statutory end-date Saturday,17,13,4
North Dakota,10/19/2026,11/2/2026,10/19/2026,11/2/2026,No,The county auditor chooses and publishes the hours.,,Weekdays only (auditor discretion; default no weekends),15,11,4
Ohio,10/5/2026,11/1/2026,10/6/2026,11/1/2026,Yes,8 a.m.-5 p.m. Mon-Fri (extended evenings final week); 8 a.m.-4 p.m. Saturday; 1-5 p.m. the Sunday before Election Day.,"Early voting start changed to the master's (state_dates_2026.csv) Oct. 6, from Oct. 5 (NCSL's twenty-nine-days-before rule). Per the Ohio Secretary of State's 2026 election calendar; U.S. Vote Foundation agrees.",Weekdays + all Saturdays + final Sunday; excludes Columbus Day,27,23,4
Oklahoma,10/28/2026,10/31/2026,10/28/2026,10/31/2026,No,"8 a.m.-6 p.m. on Wednesday, Thursday and Friday; 8 a.m.-2 p.m. on Saturday.",,"Explicit 4-day list (Wed-Thu-Fri-Sat), statute-defined",4,4,0
Oregon,10/16/2026,11/3/2026,10/14/2026,11/3/2026,Yes,Normal business hours.,"Early voting start changed to the master's (state_dates_2026.csv) Oct. 14, from Oct. 16 (NCSL's 18-days-before rule). Per the Oregon Secretary of State's current election page (counties begin mailing ballots Oct. 14); U.S. Vote Foundation agrees.",Weekdays only (normal business hours); new start 10/14 is before Columbus Day window ends either way,21,15,6
Pennsylvania,9/14/2026,10/27/2026,9/14/2026,10/27/2026,No,During regular business hours,,Weekdays only; excludes Columbus Day; begin date is an estimate (varies by county),44,31,13
Rhode Island,10/14/2026,11/2/2026,10/14/2026,11/2/2026,No,During regular business hours,,Weekdays only,20,14,6
South Carolina,10/20/2026,11/2/2026,10/19/2026,10/31/2026,Yes,8:30 a.m.-6 p.m. Monday through Saturday (statewide general election); not open Sundays or legal holidays.,"Early voting changed to U.S. Vote Foundation's Oct. 19–31, from Oct. 20–Nov. 2 (NCSL's two-weeks-before rule). The South Carolina Election Commission's early voting page agrees (closed Sunday, Oct. 25).",Mon-Sat; excludes Sunday (confirmed by Resolution Notes: closed 10/25),13,12,1
South Dakota,9/18/2026,11/2/2026,9/18/2026,11/2/2026,No,Regular office hours,,Weekdays only; excludes Columbus Day,46,31,15
Tennessee,10/14/2026,10/29/2026,10/14/2026,10/29/2026,No,"Offices open minimum 3 consecutive hours on weekdays and Saturdays, 8 a.m.-6 p.m., during the early voting period; extended evening hours on at least 3 days; at least one Saturday 8 a.m.-4 p.m. in larger counties.",,Weekdays + all Saturdays; no Sunday voting,16,14,2
Texas,10/17/2026,10/30/2026,10/17/2026,10/30/2026,No,During business hours on weekdays in the early voting period (fewer hours for very small counties; more hours for very large counties in the final week). No weekend requirement under current law.,,Weekdays only under current law,14,10,4
Utah,10/20/2026,11/2/2026,10/20/2026,10/30/2026,Yes,"Each weekday during the early voting period; election officer may elect to conduct voting on a Saturday, Sunday or holiday (discretionary).","Early voting end changed to the master's (state_dates_2026.csv) Oct. 30, the Friday before the election (U.S. Vote Foundation), from Nov. 2 (NCSL's optional extension, which election officials may or may not use).",Weekdays only; weekend/holiday voting discretionary; now using non-extended end date 10/30,11,9,2
Vermont,9/19/2026,11/2/2026,9/19/2026,11/3/2026,Yes,Business hours at the town clerk's office.,"Early voting end changed to U.S. Vote Foundation's Nov. 3, from Nov. 2 (NCSL's ""5 p.m. day before election"").",Weekdays only; excludes Columbus Day; new end date 11/3 (Election Day) per Resolution Notes,46,31,15
Virginia,9/19/2026,10/31/2026,9/18/2026,10/31/2026,Yes,Regular business hours; minimum 8 hrs 8 a.m.-5 p.m. on the two Saturdays before the election; minimum 5 hrs 11 a.m.-5 p.m. on the second and third Sundays before the election (more Sundays optional).,"Early voting start changed to U.S. Vote Foundation's Sep. 18, from Sep. 19 (NCSL's forty-five-days-before rule lands on a Saturday). The Virginia Department of Elections upcoming elections page agrees.","Weekdays (new start 9/18 is itself a Friday, now included) + mandatory 2 Sat/2 Sun; excludes Columbus Day",44,34,10
Washington,10/16/2026,11/3/2026,10/16/2026,11/3/2026,No,Normal business hours.,,Weekdays only (normal business hours),19,13,6
West Virginia,10/21/2026,10/31/2026,10/21/2026,10/31/2026,No,Regular business hours plus 9 a.m.-5 p.m. on Saturdays during the early voting period.,,Weekdays + 2 Saturdays,11,10,1
Wisconsin,10/20/2026,11/1/2026,10/20/2026,11/1/2026,No,A municipality shall specify the hours.,,Weekdays + statutory end-date Sunday,13,10,3
Wyoming,10/6/2026,11/2/2026,10/6/2026,11/2/2026,No,Must be open regular hours on normal business days. Satellite absentee polling places open on dates/times specified by county clerk (discretionary).,,Weekdays only; excludes Columbus Day,28,19,9
