State,Voter Registration Deadline,Last Date to Receive Mail Ballot By Mail,Last Date to Receive Mail Ballot Delivered By Hand,Mail Ballot Processing,Ballot Cure,Mailed UOCAVA Receipt Deadline,Local Certification Deadline,State Certification Deadline,Early Voting Begins,Early Voting Ends
Alabama,2026-10-19,2026-11-03,2026-11-02,2026-11-03,2026-11-06,2026-11-10,2026-11-13,2026-11-25,,
Alaska,2026-10-04,2026-11-13,2026-11-03,2026-10-27,,2026-11-18,,2026-11-25,2026-10-19,2026-11-03
Arizona,2026-10-05,2026-11-03,2026-11-03,,2026-11-08,2026-11-03,2026-11-19,2026-11-23,2026-10-07,2026-10-30
Arkansas,2026-10-04,2026-11-03,2026-10-30,2026-10-27,,2026-11-13,2026-11-18,2026-12-18,2026-10-19,2026-11-02
California,2026-11-03,2026-11-10,2026-11-03,2026-10-05,2026-11-25,2026-11-10,2026-12-03,2026-12-11,2026-10-05,2026-11-03
Colorado,2026-11-03,2026-11-03,2026-11-03,,2026-11-12,2026-11-12,2026-11-25,2026-11-30,2026-10-19,2026-11-03
Connecticut,2026-11-03,2026-11-03,2026-11-02,2026-10-03,,2026-11-03,2026-11-05,2026-11-25,2026-10-19,2026-11-01
Delaware,2026-10-10,2026-11-03,2026-11-03,2026-10-04,2026-11-03,2026-11-03,2026-11-05,2026-11-08,2026-10-24,2026-11-01
District of Columbia,2026-11-03,2026-11-13,2026-11-03,,2026-11-19,2026-11-13,,2026-12-02,2026-10-22,2026-10-31
Florida,2026-10-05,2026-11-03,2026-11-03,,2026-11-05,2026-11-13,2026-11-16,2026-11-17,2026-10-19,2026-11-01
Georgia,2026-10-05,2026-11-03,2026-11-03,2026-10-19,2026-11-06,2026-11-06,2026-11-09,2026-11-20,2026-10-12,2026-10-30
Hawaii,2026-11-03,2026-11-03,2026-11-03,2026-10-16,2026-11-10,2026-11-03,2026-11-23,2026-11-23,2026-10-20,2026-11-03
Idaho,2026-11-03,2026-11-03,2026-11-03,,,2026-11-03,2026-11-12,2026-11-24,2026-10-12,2026-10-30
Illinois,2026-11-03,2026-11-17,2026-11-03,,2026-11-17,2026-11-17,2026-11-24,2026-12-04,2026-09-24,2026-11-02
Indiana,2026-10-05,2026-11-03,2026-11-03,,2026-11-12,2026-11-13,2026-11-16,2026-11-24,2026-10-06,2026-11-02
Iowa,2026-11-03,2026-11-03,2026-11-03,2026-11-02,2026-11-09,2026-11-09,2026-11-10,2026-11-30,2026-10-14,2026-11-02
Kansas,2026-10-13,2026-11-06,2026-11-03,,,2026-11-03,2026-11-16,2026-12-01,2026-10-14,2026-11-02
Kentucky,2026-10-05,2026-11-03,2026-11-03,2026-10-20,2026-11-03,2026-11-03,2026-11-10,2026-11-23,2026-10-29,2026-10-31
Louisiana,2026-10-14,2026-11-02,2026-11-02,2026-10-31,,2026-11-03,2026-11-08,2026-11-10,2026-10-20,2026-10-27
Maine,2026-11-03,2026-11-03,2026-11-03,2026-10-27,2026-11-03,2026-11-03,2026-11-05,2026-11-23,2026-10-04,2026-10-29
Maryland,2026-11-03,2026-11-13,2026-11-03,2026-10-13,2026-11-13,2026-11-13,2026-11-13,2026-12-03,2026-10-22,2026-10-29
Massachusetts,2026-10-24,2026-11-06,2026-11-03,2026-10-25,,2026-11-13,2026-11-18,2026-12-04,2026-10-17,2026-10-30
Michigan,2026-11-03,2026-11-03,2026-11-03,2026-11-02,2026-11-06,2026-11-09,2026-11-17,2026-11-23,2026-10-24,2026-11-01
Minnesota,2026-11-03,2026-11-03,2026-11-03,2026-10-15,,2026-11-03,2026-11-12,2026-11-19,2026-10-16,2026-11-02
Mississippi,2026-10-05,2026-11-08,2026-11-03,2026-11-03,,2026-11-08,2026-11-13,2026-12-03,,
Missouri,2026-10-07,2026-11-03,2026-11-03,2026-10-29,,2026-11-06,2026-11-17,2026-12-08,2026-10-20,
Montana,2026-11-03,2026-11-03,2026-11-03,2026-10-29,2026-11-04,2026-11-03,2026-11-17,2026-11-30,2026-10-04,2026-11-02
Nebraska,2026-10-23,2026-11-03,2026-11-03,2026-10-23,,2026-11-03,2026-11-25,2026-11-30,2026-10-04,2026-11-02
Nevada,2026-11-03,2026-11-07,2026-11-03,,2026-11-09,2026-11-07,2026-11-13,2026-11-24,2026-10-17,2026-10-30
New Hampshire,2026-11-03,2026-11-03,2026-11-03,2026-11-03,,2026-11-03,2026-11-05,2026-11-06,,
New Jersey,2026-10-13,2026-11-09,2026-11-03,2026-10-29,2026-11-14,2026-11-09,2026-11-23,2026-12-03,2026-10-24,2026-11-01
New Mexico,2026-11-03,2026-11-03,2026-11-03,2026-10-29,2026-11-20,2026-11-03,2026-11-13,2026-11-24,2026-10-06,2026-10-31
New York,2026-10-24,2026-11-10,2026-11-03,2026-09-21,,2026-11-16,2026-11-28,2026-12-15,2026-10-24,2026-11-01
North Carolina,2026-10-09,2026-11-03,2026-11-03,2026-09-29,2026-11-10,2026-11-12,2026-11-13,2026-11-24,2026-10-15,2026-10-31
North Dakota,,2026-11-03,2026-11-03,2026-10-30,2026-11-16,2026-11-15,2026-11-16,2026-11-20,2026-10-19,2026-11-02
Ohio,2026-10-04,2026-11-03,2026-11-03,,2026-11-07,2026-11-07,2026-11-24,2026-12-04,2026-10-05,2026-11-01
Oklahoma,2026-10-09,2026-11-03,2026-11-02,2026-10-29,,2026-11-03,2026-11-06,2026-11-10,2026-10-28,2026-10-31
Oregon,2026-10-13,2026-11-10,2026-11-03,,2026-11-24,2026-11-10,2026-11-30,2026-12-10,2026-10-16,2026-11-03
Pennsylvania,2026-10-19,2026-11-03,2026-11-03,2026-11-03,,2026-11-10,2026-11-10,,2026-09-14,2026-10-27
Rhode Island,2026-10-04,2026-11-03,2026-11-03,2026-10-14,2026-11-10,2026-11-10,2026-11-04,,2026-10-14,2026-11-02
South Carolina,2026-10-04,2026-11-03,2026-11-03,2026-11-01,,2026-11-05,2026-11-06,2026-11-13,2026-10-20,2026-11-02
South Dakota,2026-10-19,2026-11-03,2026-11-03,2026-11-02,,2026-11-03,2026-11-09,2026-11-10,2026-09-18,2026-11-02
Tennessee,2026-10-05,2026-11-03,,,,2026-11-03,2026-11-23,2026-11-25,2026-10-14,2026-10-29
Texas,2026-10-05,2026-11-04,2026-11-03,2026-10-26,2026-11-09,2026-11-09,2026-11-17,2026-12-07,2026-10-17,2026-10-30
Utah,2026-11-03,2026-11-03,2026-11-03,,2026-11-16,2026-11-03,2026-11-17,2026-11-23,2026-10-20,2026-11-02
Vermont,2026-11-03,2026-11-03,2026-11-03,2026-09-19,2026-11-03,2026-11-03,2026-11-05,2026-11-10,2026-09-19,2026-11-02
Virginia,2026-11-03,2026-11-06,2026-11-03,,2026-11-06,2026-11-06,2026-11-13,2026-12-07,2026-09-19,2026-10-31
Washington,2026-11-03,2026-11-23,2026-11-03,,2026-11-23,2026-11-23,2026-11-24,2026-12-03,2026-10-16,2026-11-03
West Virginia,2026-10-13,2026-11-09,2026-11-02,2026-10-21,,2026-11-09,2026-12-03,2026-12-03,2026-10-21,2026-10-31
Wisconsin,2026-11-03,2026-11-03,2026-11-03,2026-11-03,2026-11-03,2026-11-03,,2026-12-01,2026-10-20,2026-11-01
Wyoming,2026-11-03,2026-11-03,2026-11-03,2026-10-30,,2026-11-03,2026-11-06,2026-11-10,2026-10-06,2026-11-02
,,,,,,,,,,
,,,,,,,,,,
,,,,,,,,,,
Sources:,,,,,,,,,,
NASED,https://www.nased.org/2026dates,,,,,,,,,
NCSL (Early Voting),https://www.ncsl.org/elections-and-campaigns/early-in-person-voting,,,,,,,,,
NCSL (Mail Ballot Receipt deadline),https://www.ncsl.org/elections-and-campaigns/table-11-receipt-and-postmark-deadlines-for-absentee-mail-ballots,,,,,,,,,
