Date,States/Territories with Early Voting Available
2026-09-04,0
2026-09-05,0
2026-09-06,0
2026-09-07,0
2026-09-08,0
2026-09-09,0
2026-09-10,0
2026-09-11,0
2026-09-12,0
2026-09-13,0
2026-09-14,1
2026-09-15,1
2026-09-16,1
2026-09-17,1
2026-09-18,3
2026-09-19,0
2026-09-20,0
2026-09-21,4
2026-09-22,4
2026-09-23,4
2026-09-24,5
2026-09-25,5
2026-09-26,0
2026-09-27,0
2026-09-28,5
2026-09-29,5
2026-09-30,5
2026-10-01,5
2026-10-02,5
2026-10-03,0
2026-10-04,0
2026-10-05,9
2026-10-06,13
2026-10-07,14
2026-10-08,15
2026-10-09,15
2026-10-10,2
2026-10-11,0
2026-10-12,0
2026-10-13,17
2026-10-14,22
2026-10-15,23
2026-10-16,26
2026-10-17,7
2026-10-18,3
2026-10-19,34
2026-10-20,40
2026-10-21,41
2026-10-22,43
2026-10-23,43
2026-10-24,22
2026-10-25,9
2026-10-26,47
2026-10-27,48
2026-10-28,47
2026-10-29,47
2026-10-30,44
2026-10-31,23
2026-11-01,10
2026-11-02,20
2026-11-03,4
